date,open,high,low,close,volume,average,barCount
2025-10-02 04:00:00-04:00,256.9,256.98,256.62,256.65,8637.0,256.882,14
2025-10-02 04:01:00-04:00,256.78,256.8,256.78,256.8,1645.0,256.781,2
2025-10-02 04:02:00-04:00,256.75,256.8,256.75,256.8,519.0,256.784,2
2025-10-02 04:03:00-04:00,256.85,256.85,256.55,256.8,15708.0,256.652,21
2025-10-02 04:04:00-04:00,256.8,257.0,256.8,256.91,2101.0,256.922,12
2025-10-02 04:05:00-04:00,256.91,256.91,256.91,256.91,0.0,256.91,0
2025-10-02 04:06:00-04:00,256.9,257.2,256.87,257.14,4264.0,257.035,23
2025-10-02 04:07:00-04:00,256.94,257.1,256.7,257.1,6409.0,256.983,26
2025-10-02 04:08:00-04:00,257.1,257.1,257.1,257.1,0.0,257.1,0
2025-10-02 04:09:00-04:00,256.89,256.89,256.79,256.8,1754.0,256.811,12
2025-10-02 04:10:00-04:00,256.89,257.26,256.89,256.92,4886.0,257.153,25
2025-10-02 04:11:00-04:00,256.94,257.26,256.9,257.26,1053.0,257.014,7
2025-10-02 04:12:00-04:00,257.04,257.04,256.82,256.95,627.0,256.934,5
2025-10-02 04:13:00-04:00,257.05,257.3,257.03,257.15,2913.0,257.204,12
2025-10-02 04:14:00-04:00,257.01,257.01,257.0,257.0,495.0,257.007,3
2025-10-02 04:15:00-04:00,257.05,257.4,257.05,257.13,3333.0,257.191,19
2025-10-02 04:16:00-04:00,257.06,257.06,257.05,257.05,350.0,257.057,2
2025-10-02 04:17:00-04:00,257.02,257.02,257.02,257.02,196.0,257.02,1
2025-10-02 04:18:00-04:00,257.02,257.1,257.02,257.1,582.0,257.047,4
2025-10-02 04:19:00-04:00,256.96,256.96,256.94,256.94,256.0,256.952,2
2025-10-02 04:20:00-04:00,256.94,256.94,256.94,256.94,100.0,256.94,1
2025-10-02 04:21:00-04:00,256.94,256.94,256.94,256.94,0.0,256.94,0
2025-10-02 04:22:00-04:00,256.81,256.89,256.81,256.89,586.0,256.842,4
2025-10-02 04:23:00-04:00,256.84,256.84,256.5,256.71,3446.0,256.662,20
2025-10-02 04:24:00-04:00,256.71,256.71,256.71,256.71,726.0,256.71,4
2025-10-02 04:25:00-04:00,256.71,256.71,256.71,256.71,0.0,256.71,0
2025-10-02 04:26:00-04:00,256.58,256.58,256.26,256.26,210.0,256.428,2
2025-10-02 04:27:00-04:00,256.26,256.26,256.26,256.26,0.0,256.26,0
2025-10-02 04:28:00-04:00,256.53,256.6,256.49,256.6,1359.0,256.507,7
2025-10-02 04:29:00-04:00,256.69,256.69,256.68,256.68,300.0,256.683,3
2025-10-02 04:30:00-04:00,256.68,256.7,256.68,256.7,477.0,256.695,4
2025-10-02 04:31:00-04:00,256.7,256.7,256.7,256.7,0.0,256.7,0
2025-10-02 04:32:00-04:00,256.7,256.7,256.7,256.7,0.0,256.7,0
2025-10-02 04:33:00-04:00,256.7,256.7,256.7,256.7,0.0,256.7,0
2025-10-02 04:34:00-04:00,256.69,256.72,256.46,256.51,3627.0,256.533,16
2025-10-02 04:35:00-04:00,256.43,256.43,256.43,256.43,116.0,256.43,1
2025-10-02 04:36:00-04:00,256.42,256.42,256.42,256.42,100.0,256.42,1
2025-10-02 04:37:00-04:00,256.42,256.42,256.42,256.42,0.0,256.42,0
2025-10-02 04:38:00-04:00,256.4,256.4,256.4,256.4,100.0,256.4,1
2025-10-02 04:39:00-04:00,256.4,256.4,256.4,256.4,0.0,256.4,0
2025-10-02 04:40:00-04:00,256.33,256.33,256.33,256.33,100.0,256.33,1
2025-10-02 04:41:00-04:00,256.33,256.33,256.33,256.33,0.0,256.33,0
2025-10-02 04:42:00-04:00,256.33,256.33,256.33,256.33,0.0,256.33,0
2025-10-02 04:43:00-04:00,256.5,256.5,256.5,256.5,102.0,256.5,1
2025-10-02 04:44:00-04:00,256.5,256.5,256.5,256.5,0.0,256.5,0
2025-10-02 04:45:00-04:00,256.53,256.53,256.53,256.53,100.0,256.53,1
2025-10-02 04:46:00-04:00,256.53,256.53,256.53,256.53,0.0,256.53,0
2025-10-02 04:47:00-04:00,256.53,256.53,256.53,256.53,0.0,256.53,0
2025-10-02 04:48:00-04:00,256.53,256.53,256.53,256.53,0.0,256.53,0
2025-10-02 04:49:00-04:00,256.31,256.31,256.09,256.09,640.0,256.192,6
2025-10-02 04:50:00-04:00,256.26,256.26,256.26,256.26,146.0,256.26,1
2025-10-02 04:51:00-04:00,256.26,256.26,256.26,256.26,0.0,256.26,0
2025-10-02 04:52:00-04:00,256.26,256.26,256.26,256.26,0.0,256.26,0
2025-10-02 04:53:00-04:00,256.26,256.26,256.26,256.26,0.0,256.26,0
2025-10-02 04:54:00-04:00,256.25,256.28,256.25,256.28,500.0,256.274,4
2025-10-02 04:55:00-04:00,256.28,256.28,256.28,256.28,0.0,256.28,0
2025-10-02 04:56:00-04:00,256.3,256.3,256.3,256.3,100.0,256.3,1
2025-10-02 04:57:00-04:00,256.42,256.42,256.31,256.31,840.0,256.349,5
2025-10-02 04:58:00-04:00,256.31,256.31,256.31,256.31,0.0,256.31,0
2025-10-02 04:59:00-04:00,256.55,256.79,256.55,256.69,2246.0,256.637,12
2025-10-02 05:00:00-04:00,256.6,256.6,256.28,256.28,332.0,256.504,2
2025-10-02 05:01:00-04:00,256.28,256.3,256.28,256.3,750.0,256.293,3
2025-10-02 05:02:00-04:00,256.14,256.15,256.13,256.15,614.0,256.136,4
2025-10-02 05:03:00-04:00,256.13,256.3,256.13,256.3,618.0,256.176,4
2025-10-02 05:04:00-04:00,256.35,256.36,256.35,256.36,581.0,256.353,4
2025-10-02 05:05:00-04:00,256.41,256.45,256.41,256.44,346.0,256.43,3
2025-10-02 05:06:00-04:00,256.44,256.44,256.44,256.44,0.0,256.44,0
2025-10-02 05:07:00-04:00,256.47,256.47,256.47,256.47,324.0,256.47,2
2025-10-02 05:08:00-04:00,256.47,256.47,256.47,256.47,0.0,256.47,0
2025-10-02 05:09:00-04:00,256.47,256.47,256.47,256.47,0.0,256.47,0
2025-10-02 05:10:00-04:00,256.48,256.49,256.48,256.49,350.0,256.483,2
2025-10-02 05:11:00-04:00,256.55,257.1,256.55,257.0,11221.0,256.934,32
2025-10-02 05:12:00-04:00,256.71,256.72,256.63,256.63,700.0,256.689,5
2025-10-02 05:13:00-04:00,256.65,256.9,256.65,256.71,1449.0,256.807,12
2025-10-02 05:14:00-04:00,256.67,256.67,256.63,256.64,686.0,256.643,5
2025-10-02 05:15:00-04:00,256.51,256.51,256.51,256.51,144.0,256.51,1
2025-10-02 05:16:00-04:00,256.61,256.89,256.61,256.73,781.0,256.745,6
2025-10-02 05:17:00-04:00,256.73,256.75,256.73,256.75,296.0,256.743,2
2025-10-02 05:18:00-04:00,256.74,256.8,256.66,256.66,550.0,256.752,5
2025-10-02 05:19:00-04:00,256.65,256.86,256.65,256.86,1525.0,256.783,11
2025-10-02 05:20:00-04:00,256.86,256.86,256.86,256.86,0.0,256.86,0
2025-10-02 05:21:00-04:00,256.86,256.86,256.86,256.86,0.0,256.86,0
2025-10-02 05:22:00-04:00,256.86,256.86,256.86,256.86,0.0,256.86,0
2025-10-02 05:23:00-04:00,256.86,256.86,256.86,256.86,0.0,256.86,0
2025-10-02 05:24:00-04:00,256.64,256.64,256.63,256.63,421.0,256.635,4
2025-10-02 05:25:00-04:00,256.63,256.63,256.63,256.63,0.0,256.63,0
2025-10-02 05:26:00-04:00,256.63,256.63,256.63,256.63,0.0,256.63,0
2025-10-02 05:27:00-04:00,256.53,256.53,256.53,256.53,100.0,256.53,1
2025-10-02 05:28:00-04:00,256.53,256.53,256.53,256.53,0.0,256.53,0
2025-10-02 05:29:00-04:00,256.53,256.53,256.53,256.53,0.0,256.53,0
2025-10-02 05:30:00-04:00,256.4,256.4,256.35,256.35,218.0,256.373,2
2025-10-02 05:31:00-04:00,256.35,256.35,256.35,256.35,0.0,256.35,0
2025-10-02 05:32:00-04:00,256.35,256.35,256.35,256.35,0.0,256.35,0
2025-10-02 05:33:00-04:00,256.35,256.35,256.35,256.35,0.0,256.35,0
2025-10-02 05:34:00-04:00,256.31,256.33,256.22,256.25,421.0,256.275,4
2025-10-02 05:35:00-04:00,256.25,256.25,256.25,256.25,0.0,256.25,0
2025-10-02 05:36:00-04:00,256.11,256.11,256.11,256.11,100.0,256.11,1
2025-10-02 05:37:00-04:00,256.09,256.09,256.0,256.0,607.0,256.041,5
2025-10-02 05:38:00-04:00,256.21,256.21,256.21,256.21,200.0,256.21,2
2025-10-02 05:39:00-04:00,256.21,256.21,256.21,256.21,0.0,256.21,0
2025-10-02 05:40:00-04:00,256.21,256.21,256.21,256.21,0.0,256.21,0
2025-10-02 05:41:00-04:00,256.21,256.21,256.21,256.21,0.0,256.21,0
2025-10-02 05:42:00-04:00,256.14,256.15,256.14,256.15,200.0,256.145,2
2025-10-02 05:43:00-04:00,256.13,256.14,256.11,256.11,763.0,256.117,5
2025-10-02 05:44:00-04:00,256.11,256.11,256.11,256.11,0.0,256.11,0
2025-10-02 05:45:00-04:00,256.3,256.3,256.3,256.3,100.0,256.3,1
2025-10-02 05:46:00-04:00,256.34,256.53,256.34,256.52,3003.0,256.453,17
2025-10-02 05:47:00-04:00,256.52,256.52,256.52,256.52,0.0,256.52,0
2025-10-02 05:48:00-04:00,256.52,256.52,256.52,256.52,0.0,256.52,0
2025-10-02 05:49:00-04:00,256.52,256.52,256.52,256.52,0.0,256.52,0
2025-10-02 05:50:00-04:00,256.52,256.52,256.52,256.52,0.0,256.52,0
2025-10-02 05:51:00-04:00,256.52,256.52,256.52,256.52,0.0,256.52,0
2025-10-02 05:52:00-04:00,256.41,256.41,256.41,256.41,100.0,256.41,1
2025-10-02 05:53:00-04:00,256.41,256.41,256.41,256.41,0.0,256.41,0
2025-10-02 05:54:00-04:00,256.41,256.41,256.41,256.41,0.0,256.41,0
2025-10-02 05:55:00-04:00,256.41,256.41,256.41,256.41,0.0,256.41,0
2025-10-02 05:56:00-04:00,256.41,256.41,256.41,256.41,0.0,256.41,0
2025-10-02 05:57:00-04:00,256.34,256.34,256.33,256.33,290.0,256.333,2
2025-10-02 05:58:00-04:00,256.31,256.51,256.31,256.51,1092.0,256.383,7
2025-10-02 05:59:00-04:00,256.63,256.73,256.63,256.73,1200.0,256.695,7
2025-10-02 06:00:00-04:00,256.48,256.5,256.48,256.5,212.0,256.491,2
2025-10-02 06:01:00-04:00,256.56,256.56,256.49,256.49,200.0,256.525,2
2025-10-02 06:02:00-04:00,256.53,256.53,256.51,256.51,242.0,256.52,2
2025-10-02 06:03:00-04:00,256.51,256.55,256.44,256.45,587.0,256.487,5
2025-10-02 06:04:00-04:00,256.45,256.45,256.45,256.45,0.0,256.45,0
2025-10-02 06:05:00-04:00,256.48,256.7,256.48,256.7,1693.0,256.657,15
2025-10-02 06:06:00-04:00,256.7,256.7,256.7,256.7,0.0,256.7,0
2025-10-02 06:07:00-04:00,256.47,256.47,256.47,256.47,168.0,256.47,1
2025-10-02 06:08:00-04:00,256.53,256.56,256.53,256.56,350.0,256.539,2
2025-10-02 06:09:00-04:00,256.57,256.59,256.57,256.59,459.0,256.586,3
2025-10-02 06:10:00-04:00,256.64,256.69,256.64,256.69,300.0,256.67,3
2025-10-02 06:11:00-04:00,256.69,256.69,256.69,256.69,0.0,256.69,0
2025-10-02 06:12:00-04:00,256.69,256.69,256.5,256.61,1281.0,256.578,8
2025-10-02 06:13:00-04:00,256.69,256.69,256.69,256.69,302.0,256.69,2
2025-10-02 06:14:00-04:00,256.69,256.69,256.69,256.69,0.0,256.69,0
2025-10-02 06:15:00-04:00,256.59,256.65,256.58,256.65,526.0,256.598,5
2025-10-02 06:16:00-04:00,256.61,256.64,256.58,256.61,1445.0,256.612,11
2025-10-02 06:17:00-04:00,256.55,256.55,256.55,256.55,100.0,256.55,1
2025-10-02 06:18:00-04:00,256.54,256.54,256.53,256.53,571.0,256.536,4
2025-10-02 06:19:00-04:00,256.55,256.55,256.55,256.55,283.0,256.55,2
2025-10-02 06:20:00-04:00,256.55,256.55,256.55,256.55,0.0,256.55,0
2025-10-02 06:21:00-04:00,256.55,256.55,256.55,256.55,0.0,256.55,0
2025-10-02 06:22:00-04:00,256.7,256.7,256.7,256.7,100.0,256.7,1
2025-10-02 06:23:00-04:00,256.79,256.88,256.69,256.69,1407.0,256.822,10
2025-10-02 06:24:00-04:00,256.87,256.88,256.87,256.88,470.0,256.876,2
2025-10-02 06:25:00-04:00,256.71,256.72,256.48,256.72,5546.0,256.56,35
2025-10-02 06:26:00-04:00,256.72,256.72,256.72,256.72,0.0,256.72,0
2025-10-02 06:27:00-04:00,256.6,256.65,256.6,256.65,300.0,256.617,3
2025-10-02 06:28:00-04:00,256.65,256.65,256.65,256.65,373.0,256.65,2
2025-10-02 06:29:00-04:00,256.72,256.74,256.72,256.74,692.0,256.726,5
2025-10-02 06:30:00-04:00,256.72,256.75,256.62,256.75,1839.0,256.727,11
2025-10-02 06:31:00-04:00,256.62,256.62,256.62,256.62,108.0,256.62,1
2025-10-02 06:32:00-04:00,256.6,256.6,256.6,256.6,144.0,256.6,1
2025-10-02 06:33:00-04:00,256.6,256.6,256.6,256.6,0.0,256.6,0
2025-10-02 06:34:00-04:00,256.6,256.6,256.6,256.6,0.0,256.6,0
2025-10-02 06:35:00-04:00,256.6,256.6,256.51,256.51,300.0,256.54,3
2025-10-02 06:36:00-04:00,256.41,256.41,256.41,256.41,100.0,256.41,1
2025-10-02 06:37:00-04:00,256.41,256.41,256.41,256.41,0.0,256.41,0
2025-10-02 06:38:00-04:00,256.41,256.41,256.41,256.41,0.0,256.41,0
2025-10-02 06:39:00-04:00,256.41,256.41,256.41,256.41,0.0,256.41,0
2025-10-02 06:40:00-04:00,256.41,256.41,256.41,256.41,0.0,256.41,0
2025-10-02 06:41:00-04:00,256.47,256.47,256.44,256.44,200.0,256.455,2
2025-10-02 06:42:00-04:00,256.53,256.53,256.53,256.53,100.0,256.53,1
2025-10-02 06:43:00-04:00,256.55,256.55,256.55,256.55,103.0,256.55,1
2025-10-02 06:44:00-04:00,256.53,256.53,256.53,256.53,103.0,256.53,1
2025-10-02 06:45:00-04:00,256.53,256.53,256.53,256.53,0.0,256.53,0
2025-10-02 06:46:00-04:00,256.53,256.53,256.53,256.53,0.0,256.53,0
2025-10-02 06:47:00-04:00,256.51,256.51,256.51,256.51,100.0,256.51,1
2025-10-02 06:48:00-04:00,256.46,256.46,256.46,256.46,100.0,256.46,1
2025-10-02 06:49:00-04:00,256.35,256.35,256.32,256.32,491.0,256.329,3
2025-10-02 06:50:00-04:00,256.32,256.32,256.32,256.32,112.0,256.32,1
2025-10-02 06:51:00-04:00,256.32,256.32,256.32,256.32,0.0,256.32,0
2025-10-02 06:52:00-04:00,256.32,256.32,256.32,256.32,0.0,256.32,0
2025-10-02 06:53:00-04:00,256.32,256.32,256.32,256.32,0.0,256.32,0
2025-10-02 06:54:00-04:00,256.28,256.28,256.26,256.26,350.0,256.266,2
2025-10-02 06:55:00-04:00,256.26,256.26,256.26,256.26,0.0,256.26,0
2025-10-02 06:56:00-04:00,256.28,256.28,256.24,256.24,420.0,256.259,4
2025-10-02 06:57:00-04:00,256.24,256.24,256.24,256.24,0.0,256.24,0
2025-10-02 06:58:00-04:00,256.19,256.2,256.19,256.2,300.0,256.193,3
2025-10-02 06:59:00-04:00,256.2,256.2,256.16,256.16,416.0,256.173,3
2025-10-02 07:00:00-04:00,256.13,256.16,256.05,256.05,573.0,256.112,5
2025-10-02 07:01:00-04:00,256.05,256.05,256.05,256.05,0.0,256.05,0
2025-10-02 07:02:00-04:00,256.12,256.28,256.0,256.21,3276.0,256.098,24
2025-10-02 07:03:00-04:00,256.18,256.18,256.15,256.15,245.0,256.168,2
2025-10-02 07:04:00-04:00,256.1,256.29,256.1,256.29,786.0,256.231,5
2025-10-02 07:05:00-04:00,256.29,256.29,256.29,256.29,100.0,256.29,1
2025-10-02 07:06:00-04:00,256.29,256.29,256.29,256.29,0.0,256.29,0
2025-10-02 07:07:00-04:00,256.29,256.29,256.29,256.29,0.0,256.29,0
2025-10-02 07:08:00-04:00,256.29,256.29,256.29,256.29,0.0,256.29,0
2025-10-02 07:09:00-04:00,256.29,256.29,256.29,256.29,0.0,256.29,0
2025-10-02 07:10:00-04:00,256.24,256.24,256.24,256.24,100.0,256.24,1
2025-10-02 07:11:00-04:00,256.29,256.36,256.26,256.36,601.0,256.332,5
2025-10-02 07:12:00-04:00,256.36,256.36,256.36,256.36,0.0,256.36,0
2025-10-02 07:13:00-04:00,256.39,256.43,256.39,256.43,200.0,256.41,2
2025-10-02 07:14:00-04:00,256.42,256.52,256.42,256.52,1478.0,256.49,6
2025-10-02 07:15:00-04:00,256.57,256.66,256.57,256.61,2994.0,256.62,15
2025-10-02 07:16:00-04:00,256.6,256.6,256.6,256.6,100.0,256.6,1
2025-10-02 07:17:00-04:00,256.64,256.67,256.64,256.67,2342.0,256.667,7
2025-10-02 07:18:00-04:00,256.62,256.72,256.61,256.72,465.0,256.665,3
2025-10-02 07:19:00-04:00,256.68,256.68,256.65,256.65,400.0,256.658,2
2025-10-02 07:20:00-04:00,256.65,256.65,256.65,256.65,100.0,256.65,1
2025-10-02 07:21:00-04:00,256.65,256.65,256.65,256.65,0.0,256.65,0
2025-10-02 07:22:00-04:00,256.65,256.65,256.65,256.65,0.0,256.65,0
2025-10-02 07:23:00-04:00,256.6,256.6,256.6,256.6,400.0,256.6,4
2025-10-02 07:24:00-04:00,256.6,256.6,256.6,256.6,0.0,256.6,0
2025-10-02 07:25:00-04:00,256.6,256.6,256.6,256.6,0.0,256.6,0
2025-10-02 07:26:00-04:00,256.62,256.62,256.62,256.62,100.0,256.62,1
2025-10-02 07:27:00-04:00,256.64,256.64,256.6,256.6,700.0,256.606,6
2025-10-02 07:28:00-04:00,256.62,256.62,256.61,256.61,281.0,256.614,2
2025-10-02 07:29:00-04:00,256.65,256.65,256.65,256.65,100.0,256.65,1
2025-10-02 07:30:00-04:00,256.6,256.6,256.6,256.6,937.0,256.6,7
2025-10-02 07:31:00-04:00,256.6,256.6,256.55,256.55,491.0,256.586,4
2025-10-02 07:32:00-04:00,256.57,256.57,256.57,256.57,100.0,256.57,1
2025-10-02 07:33:00-04:00,256.5,256.5,256.34,256.34,200.0,256.42,2
2025-10-02 07:34:00-04:00,256.31,256.4,256.28,256.4,739.0,256.319,7
2025-10-02 07:35:00-04:00,256.4,256.4,256.4,256.4,0.0,256.4,0
2025-10-02 07:36:00-04:00,256.44,256.5,256.43,256.5,2526.0,256.485,9
2025-10-02 07:37:00-04:00,256.5,256.5,256.5,256.5,0.0,256.5,0
2025-10-02 07:38:00-04:00,256.5,256.5,256.5,256.5,0.0,256.5,0
2025-10-02 07:39:00-04:00,256.5,256.5,256.5,256.5,0.0,256.5,0
2025-10-02 07:40:00-04:00,256.5,256.5,256.5,256.5,0.0,256.5,0
2025-10-02 07:41:00-04:00,256.46,256.47,256.46,256.47,300.0,256.467,3
2025-10-02 07:42:00-04:00,256.47,256.47,256.47,256.47,0.0,256.47,0
2025-10-02 07:43:00-04:00,256.47,256.47,256.47,256.47,0.0,256.47,0
2025-10-02 07:44:00-04:00,256.47,256.47,256.47,256.47,0.0,256.47,0
2025-10-02 07:45:00-04:00,256.48,256.66,256.48,256.66,450.0,256.592,4
2025-10-02 07:46:00-04:00,256.66,256.66,256.66,256.66,0.0,256.66,0
2025-10-02 07:47:00-04:00,256.66,256.66,256.66,256.66,0.0,256.66,0
2025-10-02 07:48:00-04:00,256.69,256.8,256.69,256.8,2916.0,256.77,11
2025-10-02 07:49:00-04:00,256.64,256.64,256.64,256.64,252.0,256.64,2
2025-10-02 07:50:00-04:00,256.71,256.71,256.66,256.66,550.0,256.692,4
2025-10-02 07:51:00-04:00,256.61,256.61,256.41,256.41,2548.0,256.599,5
2025-10-02 07:52:00-04:00,256.56,256.56,256.56,256.56,100.0,256.56,1
2025-10-02 07:53:00-04:00,256.56,256.56,256.56,256.56,127.0,256.56,1
2025-10-02 07:54:00-04:00,256.47,256.47,256.45,256.45,1985.0,256.463,11
2025-10-02 07:55:00-04:00,256.45,256.45,256.43,256.43,207.0,256.44,2
2025-10-02 07:56:00-04:00,256.51,256.51,256.51,256.51,100.0,256.51,1
2025-10-02 07:57:00-04:00,256.51,256.51,256.51,256.51,0.0,256.51,0
2025-10-02 07:58:00-04:00,256.51,256.51,256.51,256.51,0.0,256.51,0
2025-10-02 07:59:00-04:00,256.34,256.38,256.34,256.38,1000.0,256.349,6
2025-10-02 08:00:00-04:00,257.02,257.11,255.65,256.78,79009.0,256.454,189
2025-10-02 08:01:00-04:00,256.0,256.5,256.0,256.49,832.0,256.431,4
2025-10-02 08:02:00-04:00,256.48,256.57,256.48,256.57,1073.0,256.5,7
2025-10-02 08:03:00-04:00,256.57,256.57,256.57,256.57,0.0,256.57,0
2025-10-02 08:04:00-04:00,256.47,256.55,256.47,256.5,5646.0,256.5,7
2025-10-02 08:05:00-04:00,256.59,256.59,256.59,256.59,324.0,256.59,1
2025-10-02 08:06:00-04:00,256.5,256.51,256.45,256.45,4321.0,256.499,4
2025-10-02 08:07:00-04:00,256.66,256.66,256.4,256.4,13073.0,256.646,7
2025-10-02 08:08:00-04:00,256.39,256.44,256.38,256.38,4528.0,256.392,5
2025-10-02 08:09:00-04:00,256.38,256.38,256.38,256.38,0.0,256.38,0
2025-10-02 08:10:00-04:00,256.5,256.5,256.5,256.5,1250.0,256.5,4
2025-10-02 08:11:00-04:00,256.44,256.44,256.44,256.44,1050.0,256.44,1
2025-10-02 08:12:00-04:00,256.52,256.56,256.52,256.56,1100.0,256.556,2
2025-10-02 08:13:00-04:00,256.59,256.59,256.57,256.57,1068.0,256.586,4
2025-10-02 08:14:00-04:00,256.53,256.55,256.53,256.55,300.0,256.537,3
2025-10-02 08:15:00-04:00,256.51,256.55,256.51,256.55,737.0,256.521,4
2025-10-02 08:16:00-04:00,256.56,256.56,256.53,256.53,740.0,256.546,4
2025-10-02 08:17:00-04:00,256.55,256.6,256.55,256.58,3415.0,256.565,13
2025-10-02 08:18:00-04:00,256.57,256.58,256.54,256.57,500.0,256.568,5
2025-10-02 08:19:00-04:00,256.59,256.59,256.59,256.59,200.0,256.59,1
2025-10-02 08:20:00-04:00,256.58,256.58,256.58,256.58,100.0,256.58,1
2025-10-02 08:21:00-04:00,256.58,256.58,256.58,256.58,0.0,256.58,0
2025-10-02 08:22:00-04:00,256.54,256.58,256.54,256.58,550.0,256.564,3
2025-10-02 08:23:00-04:00,256.56,256.56,256.56,256.56,196.0,256.56,1
2025-10-02 08:24:00-04:00,256.6,256.6,256.55,256.58,1538.0,256.587,7
2025-10-02 08:25:00-04:00,256.58,256.58,256.55,256.55,407.0,256.57,4
2025-10-02 08:26:00-04:00,256.48,256.48,256.4,256.4,1270.0,256.461,6
2025-10-02 08:27:00-04:00,256.45,256.45,256.39,256.45,4322.0,256.446,5
2025-10-02 08:28:00-04:00,256.45,256.45,255.45,256.32,10580.0,255.751,14
2025-10-02 08:29:00-04:00,256.35,256.52,256.26,256.3,815.0,256.332,7
2025-10-02 08:30:00-04:00,256.39,256.55,256.26,256.26,4166.0,256.36,12
2025-10-02 08:31:00-04:00,256.26,256.26,256.26,256.26,1100.0,256.26,4
2025-10-02 08:32:00-04:00,256.21,256.3,256.16,256.29,1028.0,256.255,5
2025-10-02 08:33:00-04:00,256.16,256.16,256.14,256.14,400.0,256.148,4
2025-10-02 08:34:00-04:00,256.1,256.16,256.1,256.16,200.0,256.13,2
2025-10-02 08:35:00-04:00,256.25,256.25,256.25,256.25,360.0,256.25,1
2025-10-02 08:36:00-04:00,256.25,256.25,256.25,256.25,0.0,256.25,0
2025-10-02 08:37:00-04:00,256.23,256.4,256.23,256.25,2251.0,256.262,6
2025-10-02 08:38:00-04:00,256.25,256.3,256.25,256.29,908.0,256.281,8
2025-10-02 08:39:00-04:00,256.3,256.4,256.3,256.4,999.0,256.35,2
2025-10-02 08:40:00-04:00,256.26,256.26,256.26,256.26,400.0,256.26,1
2025-10-02 08:41:00-04:00,256.26,256.26,256.26,256.26,0.0,256.26,0
2025-10-02 08:42:00-04:00,256.24,256.24,256.22,256.22,9301.0,256.221,6
2025-10-02 08:43:00-04:00,256.21,256.25,256.21,256.25,460.0,256.236,2
2025-10-02 08:44:00-04:00,256.21,256.25,256.2,256.2,1110.0,256.227,7
2025-10-02 08:45:00-04:00,256.11,256.2,256.0,256.05,8675.0,256.048,29
2025-10-02 08:46:00-04:00,256.05,256.19,256.05,256.15,702.0,256.106,5
2025-10-02 08:47:00-04:00,256.15,256.15,256.15,256.15,300.0,256.15,1
2025-10-02 08:48:00-04:00,256.06,256.06,256.0,256.0,3433.0,256.026,15
2025-10-02 08:49:00-04:00,255.95,255.96,255.86,255.96,1367.0,255.918,8
2025-10-02 08:50:00-04:00,255.98,255.98,255.97,255.98,1000.0,255.978,6
2025-10-02 08:51:00-04:00,256.07,256.07,256.07,256.07,100.0,256.07,1
2025-10-02 08:52:00-04:00,256.08,256.1,256.03,256.1,2626.0,256.08,16
2025-10-02 08:53:00-04:00,256.09,256.11,256.09,256.11,1520.0,256.098,11
2025-10-02 08:54:00-04:00,256.11,256.15,256.11,256.15,1300.0,256.117,3
2025-10-02 08:55:00-04:00,256.15,256.15,256.15,256.15,200.0,256.15,2
2025-10-02 08:56:00-04:00,256.12,256.19,256.12,256.19,1112.0,256.174,5
2025-10-02 08:57:00-04:00,256.18,256.2,256.18,256.2,2908.0,256.195,13
2025-10-02 08:58:00-04:00,256.17,256.19,256.17,256.19,394.0,256.185,3
2025-10-02 08:59:00-04:00,256.19,256.19,256.19,256.19,0.0,256.19,0
2025-10-02 09:00:00-04:00,256.22,256.29,256.15,256.15,4490.0,256.177,22
2025-10-02 09:01:00-04:00,256.04,256.07,255.85,256.07,867.0,255.988,7
2025-10-02 09:02:00-04:00,255.9,255.9,255.89,255.9,1033.0,255.899,7
2025-10-02 09:03:00-04:00,255.89,256.01,255.89,255.99,2806.0,255.937,12
2025-10-02 09:04:00-04:00,255.92,255.92,255.92,255.92,100.0,255.92,1
2025-10-02 09:05:00-04:00,256.0,256.0,256.0,256.0,100.0,256.0,1
2025-10-02 09:06:00-04:00,255.95,256.01,255.93,255.94,500.0,255.954,4
2025-10-02 09:07:00-04:00,255.94,256.01,255.9,256.01,1259.0,255.924,5
2025-10-02 09:08:00-04:00,255.92,255.95,255.92,255.95,1440.0,255.946,9
2025-10-02 09:09:00-04:00,255.95,255.95,255.95,255.95,100.0,255.95,1
2025-10-02 09:10:00-04:00,255.99,256.0,255.98,255.98,615.0,255.992,5
2025-10-02 09:11:00-04:00,255.98,256.08,255.98,256.08,931.0,256.037,4
2025-10-02 09:12:00-04:00,256.15,256.15,256.15,256.15,212.0,256.15,1
2025-10-02 09:13:00-04:00,256.11,256.16,256.11,256.16,267.0,256.129,2
2025-10-02 09:14:00-04:00,256.03,256.03,256.03,256.03,100.0,256.03,1
2025-10-02 09:15:00-04:00,256.11,256.13,256.11,256.13,588.0,256.115,4
2025-10-02 09:16:00-04:00,256.14,256.14,256.03,256.03,205.0,256.086,2
2025-10-02 09:17:00-04:00,256.1,256.12,256.04,256.11,524.0,256.098,4
2025-10-02 09:18:00-04:00,256.13,256.15,256.0,256.0,2181.0,256.058,15
2025-10-02 09:19:00-04:00,256.2,256.2,256.2,256.2,100.0,256.2,1
2025-10-02 09:20:00-04:00,256.2,256.2,256.2,256.2,0.0,256.2,0
2025-10-02 09:21:00-04:00,256.01,256.01,256.01,256.01,224.0,256.01,2
2025-10-02 09:22:00-04:00,256.11,256.11,256.03,256.03,200.0,256.07,2
2025-10-02 09:23:00-04:00,255.98,255.98,255.98,255.98,100.0,255.98,1
2025-10-02 09:24:00-04:00,256.0,256.0,255.9,255.98,400.0,255.97,4
2025-10-02 09:25:00-04:00,255.99,256.33,255.99,256.33,3327.0,256.046,18
2025-10-02 09:26:00-04:00,256.43,256.5,256.13,256.13,2550.0,256.39,13
2025-10-02 09:27:00-04:00,256.49,256.58,256.47,256.58,5685.0,256.533,13
2025-10-02 09:28:00-04:00,256.6,256.6,256.54,256.59,18423.0,256.596,37
2025-10-02 09:29:00-04:00,256.58,256.6,256.57,256.59,2643.0,256.588,11
2025-10-02 09:30:00-04:00,256.59,256.83,256.22,256.46,818634.0,256.579,1190
2025-10-02 09:31:00-04:00,256.47,256.85,256.35,256.37,153016.0,256.635,821
2025-10-02 09:32:00-04:00,256.35,257.3,256.26,257.16,322188.0,256.84,1642
2025-10-02 09:33:00-04:00,257.14,257.25,256.63,256.75,189428.0,256.942,1065
2025-10-02 09:34:00-04:00,256.74,257.05,255.8,255.89,177190.0,256.394,988
2025-10-02 09:35:00-04:00,255.89,256.14,255.31,255.4,273068.0,255.672,1271
2025-10-02 09:36:00-04:00,255.39,255.62,255.1,255.22,133935.0,255.381,853
2025-10-02 09:37:00-04:00,255.2,255.37,255.09,255.15,165836.0,255.172,1043
2025-10-02 09:38:00-04:00,255.17,255.31,254.83,254.87,228240.0,255.044,1356
2025-10-02 09:39:00-04:00,254.87,254.94,254.5,254.56,152939.0,254.671,873
2025-10-02 09:40:00-04:00,254.53,254.56,254.15,254.21,210600.0,254.323,1180
2025-10-02 09:41:00-04:00,254.24,254.55,254.21,254.36,143399.0,254.351,954
2025-10-02 09:42:00-04:00,254.37,254.58,254.26,254.4,162904.0,254.404,763
2025-10-02 09:43:00-04:00,254.42,254.84,254.42,254.81,103576.0,254.67,629
2025-10-02 09:44:00-04:00,254.79,254.96,254.7,254.76,150144.0,254.822,837
2025-10-02 09:45:00-04:00,254.76,255.13,254.52,255.11,127357.0,254.758,671
2025-10-02 09:46:00-04:00,255.09,255.42,255.06,255.16,105044.0,255.238,602
2025-10-02 09:47:00-04:00,255.15,255.22,254.8,254.97,98491.0,254.996,628
2025-10-02 09:48:00-04:00,254.96,255.19,254.92,255.12,110350.0,255.054,674
2025-10-02 09:49:00-04:00,255.12,255.31,255.07,255.14,102133.0,255.187,513
2025-10-02 09:50:00-04:00,255.13,255.22,254.93,255.15,95729.0,255.094,506
2025-10-02 09:51:00-04:00,255.14,255.52,255.07,255.39,169699.0,255.274,772
2025-10-02 09:52:00-04:00,255.37,255.74,255.31,255.36,104758.0,255.504,545
2025-10-02 09:53:00-04:00,255.4,255.78,255.36,255.74,130856.0,255.597,575
2025-10-02 09:54:00-04:00,255.74,255.98,255.66,255.68,118292.0,255.864,548
2025-10-02 09:55:00-04:00,255.66,255.93,255.66,255.79,90668.0,255.817,420
2025-10-02 09:56:00-04:00,255.81,255.85,255.69,255.74,53377.0,255.763,306
2025-10-02 09:57:00-04:00,255.77,255.77,255.53,255.58,67952.0,255.668,437
2025-10-02 09:58:00-04:00,255.57,255.97,255.55,255.97,111985.0,255.834,565
2025-10-02 09:59:00-04:00,255.97,256.08,255.87,256.04,180741.0,255.981,758
2025-10-02 10:00:00-04:00,256.03,256.12,255.67,255.8,83879.0,255.95,506
2025-10-02 10:01:00-04:00,255.82,256.04,255.7,255.89,107358.0,255.914,723
2025-10-02 10:02:00-04:00,255.87,255.96,255.82,255.83,44711.0,255.893,309
2025-10-02 10:03:00-04:00,255.86,255.92,255.72,255.88,66001.0,255.828,428
2025-10-02 10:04:00-04:00,255.91,256.15,255.84,256.11,116286.0,256.014,677
2025-10-02 10:05:00-04:00,256.08,256.11,255.92,256.09,57044.0,256.039,409
2025-10-02 10:06:00-04:00,256.08,256.09,255.65,255.76,80966.0,255.79,511
2025-10-02 10:07:00-04:00,255.76,256.05,255.75,255.98,55802.0,255.887,328
2025-10-02 10:08:00-04:00,255.97,256.05,255.85,255.95,72096.0,255.947,446
2025-10-02 10:09:00-04:00,255.97,256.08,255.91,256.04,55661.0,255.996,372
2025-10-02 10:10:00-04:00,256.02,256.08,255.89,255.96,93987.0,255.986,423
2025-10-02 10:11:00-04:00,255.96,256.12,255.88,255.91,100898.0,255.992,461
2025-10-02 10:12:00-04:00,255.91,256.26,255.91,256.18,78198.0,256.106,431
2025-10-02 10:13:00-04:00,256.15,256.25,256.06,256.13,56620.0,256.168,293
2025-10-02 10:14:00-04:00,256.12,256.25,256.06,256.23,43347.0,256.155,246
2025-10-02 10:15:00-04:00,256.23,256.32,256.13,256.27,88830.0,256.224,433
2025-10-02 10:16:00-04:00,256.25,256.27,256.04,256.06,46123.0,256.132,271
2025-10-02 10:17:00-04:00,256.1,256.26,255.99,256.2,62576.0,256.14,364
2025-10-02 10:18:00-04:00,256.2,256.43,256.11,256.42,68342.0,256.268,318
2025-10-02 10:19:00-04:00,256.41,256.69,256.4,256.4,116216.0,256.538,628
2025-10-02 10:20:00-04:00,256.41,256.6,256.4,256.52,58587.0,256.511,329
2025-10-02 10:21:00-04:00,256.5,256.58,256.38,256.49,52653.0,256.471,274
2025-10-02 10:22:00-04:00,256.51,256.52,256.27,256.43,51582.0,256.405,290
2025-10-02 10:23:00-04:00,256.44,256.61,256.41,256.42,86526.0,256.493,500
2025-10-02 10:24:00-04:00,256.4,256.55,256.4,256.5,40550.0,256.485,238
2025-10-02 10:25:00-04:00,256.5,256.65,256.35,256.37,68542.0,256.525,379
2025-10-02 10:26:00-04:00,256.31,256.37,256.25,256.32,63340.0,256.319,320
2025-10-02 10:27:00-04:00,256.32,256.46,256.31,256.33,46030.0,256.38,279
2025-10-02 10:28:00-04:00,256.35,256.41,256.07,256.11,49450.0,256.258,300
2025-10-02 10:29:00-04:00,256.12,256.23,256.09,256.22,62042.0,256.166,383
2025-10-02 10:30:00-04:00,256.23,256.48,256.22,256.41,79404.0,256.358,471
2025-10-02 10:31:00-04:00,256.42,256.42,256.09,256.09,42831.0,256.28,234
2025-10-02 10:32:00-04:00,256.11,256.26,256.1,256.11,57497.0,256.153,359
2025-10-02 10:33:00-04:00,256.1,256.26,256.09,256.19,33969.0,256.186,217
2025-10-02 10:34:00-04:00,256.2,256.44,256.19,256.38,47779.0,256.347,298
2025-10-02 10:35:00-04:00,256.38,256.47,256.31,256.47,51439.0,256.387,321
2025-10-02 10:36:00-04:00,256.47,256.51,256.38,256.44,89507.0,256.458,372
2025-10-02 10:37:00-04:00,256.44,256.44,256.31,256.42,41150.0,256.369,236
2025-10-02 10:38:00-04:00,256.4,256.48,256.36,256.48,53455.0,256.411,291
2025-10-02 10:39:00-04:00,256.49,256.59,256.45,256.56,57841.0,256.53,357
2025-10-02 10:40:00-04:00,256.57,256.58,256.35,256.43,50514.0,256.449,337
2025-10-02 10:41:00-04:00,256.45,256.56,256.39,256.54,72003.0,256.507,386
2025-10-02 10:42:00-04:00,256.55,256.62,256.45,256.58,44654.0,256.546,275
2025-10-02 10:43:00-04:00,256.56,256.59,256.45,256.52,36025.0,256.516,225
2025-10-02 10:44:00-04:00,256.5,256.67,256.45,256.62,42856.0,256.568,205
2025-10-02 10:45:00-04:00,256.63,256.74,256.58,256.66,74255.0,256.652,423
2025-10-02 10:46:00-04:00,256.67,256.79,256.56,256.56,63953.0,256.678,410
2025-10-02 10:47:00-04:00,256.59,256.73,256.57,256.58,53684.0,256.651,391
2025-10-02 10:48:00-04:00,256.57,256.68,256.39,256.42,54094.0,256.539,300
2025-10-02 10:49:00-04:00,256.44,256.46,256.26,256.28,47387.0,256.344,316
2025-10-02 10:50:00-04:00,256.27,256.31,256.12,256.12,50399.0,256.18,275
2025-10-02 10:51:00-04:00,256.14,256.21,255.97,256.06,90047.0,256.071,479
2025-10-02 10:52:00-04:00,256.04,256.14,256.0,256.12,71220.0,256.058,406
2025-10-02 10:53:00-04:00,256.13,256.15,256.0,256.06,47257.0,256.051,296
2025-10-02 10:54:00-04:00,256.05,256.29,256.05,256.25,53069.0,256.208,243
2025-10-02 10:55:00-04:00,256.25,256.3,256.2,256.28,40659.0,256.242,263
2025-10-02 10:56:00-04:00,256.28,256.51,256.27,256.45,81848.0,256.427,572
2025-10-02 10:57:00-04:00,256.46,256.54,256.35,256.5,59237.0,256.441,346
2025-10-02 10:58:00-04:00,256.5,256.51,256.39,256.4,30959.0,256.448,193
2025-10-02 10:59:00-04:00,256.4,256.41,256.26,256.26,67094.0,256.326,322
2025-10-02 11:00:00-04:00,256.26,256.27,256.08,256.08,46177.0,256.157,297
2025-10-02 11:01:00-04:00,256.11,256.13,256.01,256.1,52037.0,256.077,259
2025-10-02 11:02:00-04:00,256.1,256.25,256.08,256.25,48496.0,256.141,317
2025-10-02 11:03:00-04:00,256.25,256.29,256.13,256.15,34919.0,256.229,256
2025-10-02 11:04:00-04:00,256.14,256.27,256.08,256.09,40145.0,256.169,265
2025-10-02 11:05:00-04:00,256.11,256.16,256.06,256.07,50726.0,256.105,330
2025-10-02 11:06:00-04:00,256.09,256.21,256.06,256.2,47336.0,256.141,340
2025-10-02 11:07:00-04:00,256.19,256.28,256.03,256.15,58684.0,256.136,263
2025-10-02 11:08:00-04:00,256.14,256.16,255.97,256.08,61629.0,256.045,325
2025-10-02 11:09:00-04:00,256.09,256.13,256.0,256.0,37489.0,256.062,197
2025-10-02 11:10:00-04:00,256.0,256.28,255.99,256.25,55242.0,256.15,360
2025-10-02 11:11:00-04:00,256.24,256.47,256.2,256.44,88015.0,256.322,449
2025-10-02 11:12:00-04:00,256.44,256.44,256.28,256.32,65017.0,256.373,373
2025-10-02 11:13:00-04:00,256.34,256.63,256.31,256.56,86219.0,256.524,373
2025-10-02 11:14:00-04:00,256.56,256.62,256.52,256.58,46331.0,256.57,258
2025-10-02 11:15:00-04:00,256.58,256.59,256.4,256.48,42937.0,256.511,184
2025-10-02 11:16:00-04:00,256.47,256.63,256.44,256.56,37815.0,256.532,203
2025-10-02 11:17:00-04:00,256.56,256.57,256.43,256.5,30753.0,256.484,138
2025-10-02 11:18:00-04:00,256.48,256.48,256.32,256.33,35210.0,256.401,192
2025-10-02 11:19:00-04:00,256.31,256.31,256.21,256.23,24969.0,256.255,145
2025-10-02 11:20:00-04:00,256.21,256.23,256.09,256.14,36377.0,256.169,226
2025-10-02 11:21:00-04:00,256.15,256.23,256.13,256.16,27017.0,256.176,198
2025-10-02 11:22:00-04:00,256.16,256.23,256.11,256.22,17686.0,256.15,106
2025-10-02 11:23:00-04:00,256.23,256.32,256.22,256.3,45100.0,256.28,269
2025-10-02 11:24:00-04:00,256.3,256.4,256.27,256.37,26371.0,256.333,172
2025-10-02 11:25:00-04:00,256.37,256.63,256.35,256.58,75148.0,256.51,391
2025-10-02 11:26:00-04:00,256.59,257.02,256.59,256.98,160293.0,256.835,863
2025-10-02 11:27:00-04:00,256.98,257.34,256.98,257.2,184559.0,257.22,929
2025-10-02 11:28:00-04:00,257.2,257.64,257.19,257.53,355997.0,257.473,1286
2025-10-02 11:29:00-04:00,257.53,257.55,257.12,257.17,168152.0,257.276,952
2025-10-02 11:30:00-04:00,257.17,257.22,257.02,257.07,68005.0,257.128,389
2025-10-02 11:31:00-04:00,257.09,257.09,256.75,256.75,72269.0,256.875,384
2025-10-02 11:32:00-04:00,256.75,256.86,256.72,256.79,66569.0,256.794,345
2025-10-02 11:33:00-04:00,256.79,257.04,256.76,257.01,50919.0,256.921,222
2025-10-02 11:34:00-04:00,257.01,257.13,256.98,257.08,42494.0,257.031,223
2025-10-02 11:35:00-04:00,257.09,257.51,257.04,257.5,128381.0,257.332,623
2025-10-02 11:36:00-04:00,257.51,257.64,257.44,257.63,115652.0,257.538,558
2025-10-02 11:37:00-04:00,257.64,257.68,257.35,257.56,206630.0,257.505,955
2025-10-02 11:38:00-04:00,257.59,257.59,257.25,257.27,77120.0,257.463,390
2025-10-02 11:39:00-04:00,257.25,257.46,257.17,257.41,71014.0,257.33,490
2025-10-02 11:40:00-04:00,257.42,257.42,257.24,257.36,45863.0,257.335,221
2025-10-02 11:41:00-04:00,257.36,257.56,257.26,257.26,85845.0,257.477,505
2025-10-02 11:42:00-04:00,257.28,257.39,257.2,257.35,46115.0,257.299,260
2025-10-02 11:43:00-04:00,257.35,257.49,257.19,257.49,63704.0,257.36,391
2025-10-02 11:44:00-04:00,257.49,257.61,257.45,257.48,46365.0,257.553,258
2025-10-02 11:45:00-04:00,257.45,257.75,257.33,257.59,147585.0,257.543,733
2025-10-02 11:46:00-04:00,257.58,257.61,257.31,257.37,48851.0,257.414,273
2025-10-02 11:47:00-04:00,257.38,257.39,257.11,257.13,45187.0,257.285,239
2025-10-02 11:48:00-04:00,257.1,257.14,256.89,256.92,58324.0,256.965,248
2025-10-02 11:49:00-04:00,256.89,257.15,256.85,256.96,43785.0,256.986,254
2025-10-02 11:50:00-04:00,256.94,257.18,256.93,257.15,30571.0,257.056,148
2025-10-02 11:51:00-04:00,257.14,257.18,256.94,256.94,19353.0,257.046,81
2025-10-02 11:52:00-04:00,256.95,257.17,256.93,257.16,31091.0,257.029,108
2025-10-02 11:53:00-04:00,257.14,257.25,257.12,257.24,26346.0,257.196,121
2025-10-02 11:54:00-04:00,257.25,257.29,257.22,257.26,27739.0,257.256,161
2025-10-02 11:55:00-04:00,257.26,257.39,257.25,257.27,28037.0,257.329,157
2025-10-02 11:56:00-04:00,257.28,257.42,257.28,257.42,14163.0,257.355,98
2025-10-02 11:57:00-04:00,257.43,257.58,257.41,257.58,47698.0,257.492,204
2025-10-02 11:58:00-04:00,257.58,257.92,257.57,257.92,96672.0,257.781,546
2025-10-02 11:59:00-04:00,257.92,257.99,257.67,257.77,147829.0,257.889,724
2025-10-02 12:00:00-04:00,257.77,257.86,257.69,257.76,64270.0,257.753,429
2025-10-02 12:01:00-04:00,257.76,257.82,257.68,257.81,44391.0,257.771,249
2025-10-02 12:02:00-04:00,257.81,258.04,257.8,257.94,223806.0,257.972,712
2025-10-02 12:03:00-04:00,257.95,258.09,257.94,258.08,62504.0,258.031,315
2025-10-02 12:04:00-04:00,258.08,258.18,257.98,258.0,73696.0,258.093,342
2025-10-02 12:05:00-04:00,258.01,258.05,257.71,257.8,49789.0,257.865,246
2025-10-02 12:06:00-04:00,257.8,258.09,257.8,257.94,81851.0,257.951,411
2025-10-02 12:07:00-04:00,257.94,258.1,257.91,258.03,79516.0,258.028,522
2025-10-02 12:08:00-04:00,258.03,258.04,257.89,257.92,29994.0,257.946,168
2025-10-02 12:09:00-04:00,257.91,258.11,257.89,258.1,50374.0,258.006,283
2025-10-02 12:10:00-04:00,258.07,258.1,257.8,257.8,50338.0,257.97,263
2025-10-02 12:11:00-04:00,257.78,257.91,257.73,257.86,45531.0,257.826,222
2025-10-02 12:12:00-04:00,257.86,257.88,257.75,257.82,29728.0,257.829,155
2025-10-02 12:13:00-04:00,257.82,257.83,257.7,257.77,30816.0,257.737,151
2025-10-02 12:14:00-04:00,257.75,257.87,257.75,257.79,41677.0,257.82,187
2025-10-02 12:15:00-04:00,257.79,257.81,257.66,257.68,33762.0,257.724,150
2025-10-02 12:16:00-04:00,257.68,257.68,257.55,257.6,32218.0,257.596,182
2025-10-02 12:17:00-04:00,257.59,257.59,257.52,257.54,38712.0,257.557,221
2025-10-02 12:18:00-04:00,257.53,257.77,257.52,257.75,35301.0,257.634,219
2025-10-02 12:19:00-04:00,257.73,257.88,257.73,257.82,36991.0,257.825,189
2025-10-02 12:20:00-04:00,257.81,257.84,257.62,257.64,33409.0,257.725,222
2025-10-02 12:21:00-04:00,257.65,257.67,257.47,257.52,29709.0,257.568,162
2025-10-02 12:22:00-04:00,257.5,257.62,257.49,257.61,24992.0,257.544,157
2025-10-02 12:23:00-04:00,257.61,257.65,257.57,257.6,32367.0,257.605,151
2025-10-02 12:24:00-04:00,257.59,257.59,257.45,257.53,26409.0,257.491,124
2025-10-02 12:25:00-04:00,257.5,257.52,257.36,257.39,22763.0,257.425,131
2025-10-02 12:26:00-04:00,257.38,257.55,257.38,257.53,23117.0,257.477,162
2025-10-02 12:27:00-04:00,257.53,257.55,257.35,257.37,25734.0,257.435,173
2025-10-02 12:28:00-04:00,257.38,257.44,257.34,257.39,34443.0,257.383,177
2025-10-02 12:29:00-04:00,257.39,257.44,257.31,257.34,14756.0,257.368,118
2025-10-02 12:30:00-04:00,257.35,257.36,257.25,257.31,43066.0,257.3,211
2025-10-02 12:31:00-04:00,257.31,257.39,257.28,257.29,41181.0,257.327,243
2025-10-02 12:32:00-04:00,257.29,257.32,257.22,257.3,23253.0,257.282,129
2025-10-02 12:33:00-04:00,257.3,257.3,257.17,257.17,32594.0,257.224,182
2025-10-02 12:34:00-04:00,257.2,257.33,257.19,257.31,23113.0,257.254,168
2025-10-02 12:35:00-04:00,257.31,257.57,257.3,257.53,53279.0,257.443,265
2025-10-02 12:36:00-04:00,257.53,257.53,257.41,257.45,62056.0,257.466,232
2025-10-02 12:37:00-04:00,257.44,257.47,257.34,257.35,16767.0,257.418,103
2025-10-02 12:38:00-04:00,257.36,257.46,257.36,257.46,15937.0,257.422,94
2025-10-02 12:39:00-04:00,257.45,257.48,257.36,257.4,15164.0,257.439,94
2025-10-02 12:40:00-04:00,257.4,257.42,257.23,257.24,33145.0,257.329,154
2025-10-02 12:41:00-04:00,257.23,257.25,257.12,257.13,27168.0,257.194,170
2025-10-02 12:42:00-04:00,257.14,257.21,257.12,257.16,19504.0,257.173,110
2025-10-02 12:43:00-04:00,257.14,257.2,257.11,257.17,17117.0,257.152,87
2025-10-02 12:44:00-04:00,257.16,257.21,257.14,257.21,14253.0,257.175,100
2025-10-02 12:45:00-04:00,257.21,257.39,257.21,257.35,26755.0,257.307,173
2025-10-02 12:46:00-04:00,257.36,257.38,257.25,257.27,13749.0,257.329,106
2025-10-02 12:47:00-04:00,257.27,257.28,257.11,257.19,15842.0,257.198,88
2025-10-02 12:48:00-04:00,257.19,257.2,257.12,257.16,23392.0,257.147,105
2025-10-02 12:49:00-04:00,257.14,257.26,257.12,257.25,21401.0,257.181,90
2025-10-02 12:50:00-04:00,257.25,257.32,257.24,257.28,34789.0,257.288,89
2025-10-02 12:51:00-04:00,257.28,257.32,257.17,257.2,22728.0,257.278,84
2025-10-02 12:52:00-04:00,257.21,257.28,257.15,257.26,21085.0,257.228,87
2025-10-02 12:53:00-04:00,257.25,257.39,257.25,257.36,28424.0,257.337,134
2025-10-02 12:54:00-04:00,257.37,257.38,257.34,257.36,8766.0,257.359,62
2025-10-02 12:55:00-04:00,257.39,257.4,257.28,257.31,19744.0,257.347,97
2025-10-02 12:56:00-04:00,257.31,257.33,257.23,257.33,9966.0,257.275,64
2025-10-02 12:57:00-04:00,257.34,257.37,257.31,257.33,19362.0,257.347,95
2025-10-02 12:58:00-04:00,257.34,257.47,257.32,257.41,24014.0,257.415,168
2025-10-02 12:59:00-04:00,257.41,257.57,257.41,257.51,50954.0,257.516,333
2025-10-02 13:00:00-04:00,257.5,257.5,257.4,257.43,19279.0,257.454,125
2025-10-02 13:01:00-04:00,257.43,257.5,257.36,257.4,19044.0,257.44,127
2025-10-02 13:02:00-04:00,257.38,257.5,257.38,257.41,24845.0,257.442,128
2025-10-02 13:03:00-04:00,257.4,257.47,257.35,257.47,17436.0,257.386,96
2025-10-02 13:04:00-04:00,257.48,257.53,257.41,257.51,27307.0,257.487,123
2025-10-02 13:05:00-04:00,257.5,257.53,257.43,257.52,18180.0,257.484,111
2025-10-02 13:06:00-04:00,257.51,257.58,257.5,257.53,19520.0,257.535,131
2025-10-02 13:07:00-04:00,257.53,257.54,257.37,257.4,14621.0,257.454,107
2025-10-02 13:08:00-04:00,257.39,257.44,257.37,257.39,14036.0,257.407,76
2025-10-02 13:09:00-04:00,257.42,257.47,257.39,257.39,18194.0,257.422,95
2025-10-02 13:10:00-04:00,257.38,257.43,257.34,257.38,16535.0,257.38,89
2025-10-02 13:11:00-04:00,257.39,257.62,257.37,257.62,178261.0,257.508,332
2025-10-02 13:12:00-04:00,257.62,257.78,257.58,257.74,36773.0,257.689,165
2025-10-02 13:13:00-04:00,257.75,257.82,257.73,257.76,24873.0,257.773,178
2025-10-02 13:14:00-04:00,257.76,257.79,257.72,257.77,21205.0,257.756,117
